{
    "Hub Mall": [
        53.5262599,
        -113.5207458
    ],
    "Humanities": [
        53.5269794,
        -113.5191559
    ],
    "Education": [
        53.5235286,
        -113.5244787
    ],
    "SAB": [
        53.5256332,
        -113.5247412
    ],
    "DICE": [
        53.5282388,
        -113.5295259
    ],
    "Nref": [
        53.5265708,
        -113.5296821
    ],
    "Hub": [
        53.5275591,
        -113.5210615
    ]
}